AI Category,Common Use Cases,Target Industries,Typical ROI Drivers
AI Coding,"Code generation, debugging, test automation, code review, refactoring","Software, Tech, Consulting","40-60% dev time savings, faster time-to-market, reduced bugs"
AI Agents,"Workflow automation, autonomous decision-making, process orchestration","Enterprise, Finance, Healthcare","30-50% operational cost reduction, 24/7 automation"
AI Writing,"Content creation, brand messaging, grammar checking, summarization","Marketing, Media, Enterprise","3-5x content output increase, consistent brand voice"
AI Search,"Semantic search, question answering, knowledge retrieval","Enterprise, Legal, Research","10x faster information retrieval, improved discovery"
AI Enterprise Search,"Internal knowledge management, document search, RAG applications","Enterprise, Legal, Finance","50% time savings on information lookup, reduced silos"
AI Support,"IT helpdesk, customer service, HR automation, ticket routing","Enterprise, SaaS, E-commerce","60-80% ticket deflection, instant resolution, 24/7 support"
AI SRE,"Incident detection, automated remediation, infrastructure monitoring","Tech, Cloud, SaaS","50-70% faster incident resolution, reduced downtime"
AI Workflow,"Process documentation, workflow automation, SOP generation","Enterprise, Consulting, Operations","40% time savings on documentation, standardized processes"
AI Lead Management,"Lead scoring, outreach automation, conversion optimization","Sales, Real Estate, Finance","20-30% lead conversion increase, 2x pipeline velocity"
AI Compliance,"Background checks, risk assessment, identity verification","HR, Finance, Healthcare","80% faster screening, reduced manual review costs"
AI Data Analytics,"Data visualization, predictive analytics, natural language queries",All industries,"10x faster insights, democratized data access"
AI Market Research,"Consumer insights, sentiment analysis, survey simulation","Marketing, CPG, Finance","80% faster research cycles, cost reduction vs traditional surveys"
Conversational AI,"Chatbots, virtual assistants, character interactions","Consumer, Enterprise, Gaming","Higher engagement, 24/7 availability, personalized experiences"
Generative AI,"Text/image/audio generation, content creation, design automation","Marketing, Media, Gaming, E-commerce","70-90% production cost reduction, 10x content volume"
Generative AI (Video),"Social media content, product demos, training videos, ads","E-commerce, Marketing, Media, Education","70-90% video production cost reduction, 10x content speed"
LLM,"Text generation, summarization, translation, code completion",All industries,"Productivity gains, automation of knowledge work"
ML Infrastructure,"Model training, data labeling, compute orchestration, vector storage","AI/ML companies, Enterprise","60% faster model deployment, reduced infrastructure costs"
Data & AI Platform,"Data warehousing, ETL, ML model serving, analytics","Enterprise, Finance, Healthcare","Unified data view, faster time-to-insight, reduced data silos"
Humanoid Robotics,"Physical labor, warehouse operations, customer service","Manufacturing, Logistics, Retail","Labor cost reduction, 24/7 operations, safety improvements"